neutral_id,packet_exists,schema_valid,qa_ok,sha256_packet_json,size_bytes,generation_timestamp,leakage_hits,forbidden_fields,issues
018779556d23bf3f,True,True,True,11f4a1ef2e5c2efc638bdadcc5dfc3efeade5bf09fd63f7eb8b5a24cfbcbfede,45178,2026-07-30T21:29:45Z,,,
123d9269d1595912,True,True,True,13409fe039e29ebeecfba2ada9625691d7339fc88f0c9d1534bbc5ced35827fb,36304,2026-07-30T21:29:45Z,,,
1376723b75f6cc11,True,True,True,15416030c2adbd7c483834e4d7d191aed1e35595ae572bba177abd27b5e4d8f4,40728,2026-07-30T21:29:45Z,,,
1e39c3352c8e8e69,True,True,True,38bacf4f67ea9ceca6609a66be9c9c84f810d6bba57a8a8d3e5a0fd812a62731,81385,2026-07-30T21:29:45Z,,,
34d09fe81bbd05ea,True,True,True,5781db16c5f39549d3cc402a2f36e079ac6ca5728b506e26b3a272299c1e1350,47574,2026-07-30T21:29:45Z,,,
3700df2d7790d1ff,True,True,True,109b7c129318f592fc8d1d080299320b2e7692b15638672ef93be02bd10836dc,33534,2026-07-30T21:29:45Z,,,
477af6ec413b58de,True,True,True,e3b5ec36176bb56008efebdbee0a860da7e0b126f20f4f0f2e8393e3d0ae3151,42428,2026-07-30T21:29:45Z,,,
5cdb19823812fea3,True,True,True,7ec31746fcef1b3508aebcd316d1b36a477766d0f6eeceae06404ea3cb7e36c6,39867,2026-07-30T21:29:45Z,,,
67c2974c57527180,True,True,True,e86d178fc8489a5a9940aa36c760201ea50a47e433a04629ff7970565a9401b5,45947,2026-07-30T21:29:45Z,,,
8222c534ec20c9c2,True,True,True,3efb1f7f27915345c7c3367f2a6952a9f34064d9f8524275cbf94633f0ba6289,40114,2026-07-30T21:29:45Z,,,
85571219ad372807,True,True,True,215d45314b906f326fbc7f4d28e313ed461d7fe2e982de9aa96c0f4f331d0292,40811,2026-07-30T21:29:45Z,,,
8819745939ade378,True,True,True,55a343981998388ac000bf9d9711e7bfc73b0ab054fc71f319e91c48e25fcaf4,38310,2026-07-30T21:29:45Z,,,
8a7005d04252096c,True,True,True,ae139e2796a5902d32369923728e89cb23f374fcc5132021263a82870d81f1e6,33863,2026-07-30T21:29:45Z,,,
8bec66320d554a6d,True,True,True,c6a2c7aa2fd6f9b7a29d24b26b997308ec98fa1e5efbdd7da7cbe5a445a25b70,26431,2026-07-30T21:29:45Z,,,
91a44ede937683ce,True,True,True,2b042339790568452610339c0a2ff9b7593748d04980e2774997c4f9317e0c02,28834,2026-07-30T21:29:45Z,,,
91ecefdc5a31edaf,True,True,True,78a7702a7ddb2c71bab9a1536ff2d7ede65c468a88d618ae8285774e456d8245,43041,2026-07-30T21:29:45Z,,,
a38973860e5d4712,True,True,True,ec72ba9e16a4d794f833e6514af075914110003a9dc0e5b65c642755c572404a,24786,2026-07-30T21:29:45Z,,,
ac63aa4470fd018b,True,True,True,aec4072e773cc96b3ac82853f12cc6084947e7b3aa719a908829969bbfe4bc85,46276,2026-07-30T21:29:45Z,,,
b6f1d2c6e3328de2,True,True,True,4c53474b92194c887f8496d2014613221f05ee1ed82b617588b794907f54cdd2,43871,2026-07-30T21:29:45Z,,,
b8695a2837b8211e,True,True,True,d9f00401990d3161380bbc7731ad2a27c95d5a0f84eff166da7c66cf2c92dd06,44450,2026-07-30T21:29:45Z,,,
be858faa4705fb53,True,True,True,227beb19caf1d22b3bb4ce22319d67b7c38274e6a9d3c0225177f4d5c273c940,43586,2026-07-30T21:29:45Z,,,
c7ee59d30924c48f,True,True,True,6939230059d3d1ca8dd8a0ad715f0e5e2ab301563d14b922d6afb2bca677a26f,34025,2026-07-30T21:29:45Z,,,
d6f94af612431129,True,True,True,8fbb8386ce6cdf541c4e0b09017d9e00bf5fdb1dcb69b057e87f81b96180fa26,39959,2026-07-30T21:29:45Z,,,
e2642ac6cb4568a4,True,True,True,a4b33e7b2ec4df50c1ba31caf3209ec76fddd62c331f2d04c008917804b2969a,35801,2026-07-30T21:29:45Z,,,
