neutral_id,reference_relevance,material_necessity,confidence,justification,notes_for_coordinator
018779556d23bf3f,,,,,
123d9269d1595912,,,,,
1376723b75f6cc11,,,,,
1e39c3352c8e8e69,,,,,
34d09fe81bbd05ea,,,,,
3700df2d7790d1ff,,,,,
477af6ec413b58de,,,,,
5cdb19823812fea3,,,,,
67c2974c57527180,,,,,
8222c534ec20c9c2,,,,,
85571219ad372807,,,,,
8819745939ade378,,,,,
8a7005d04252096c,,,,,
8bec66320d554a6d,,,,,
91a44ede937683ce,,,,,
91ecefdc5a31edaf,,,,,
a38973860e5d4712,,,,,
ac63aa4470fd018b,,,,,
b6f1d2c6e3328de2,,,,,
b8695a2837b8211e,,,,,
be858faa4705fb53,,,,,
c7ee59d30924c48f,,,,,
d6f94af612431129,,,,,
e2642ac6cb4568a4,,,,,
