neutral_id,packet_filename,status,notes
018779556d23bf3f,PACKETS/018779556d23bf3f/packet.md,eligible,construct_valid_packet_v2
123d9269d1595912,PACKETS/123d9269d1595912/packet.md,eligible,construct_valid_packet_v2
1376723b75f6cc11,PACKETS/1376723b75f6cc11/packet.md,eligible,construct_valid_packet_v2
1e39c3352c8e8e69,PACKETS/1e39c3352c8e8e69/packet.md,eligible,construct_valid_packet_v2
34d09fe81bbd05ea,PACKETS/34d09fe81bbd05ea/packet.md,eligible,construct_valid_packet_v2
3700df2d7790d1ff,PACKETS/3700df2d7790d1ff/packet.md,eligible,construct_valid_packet_v2
477af6ec413b58de,PACKETS/477af6ec413b58de/packet.md,eligible,construct_valid_packet_v2
5cdb19823812fea3,PACKETS/5cdb19823812fea3/packet.md,eligible,construct_valid_packet_v2
67c2974c57527180,PACKETS/67c2974c57527180/packet.md,eligible,construct_valid_packet_v2
8222c534ec20c9c2,PACKETS/8222c534ec20c9c2/packet.md,eligible,construct_valid_packet_v2
85571219ad372807,PACKETS/85571219ad372807/packet.md,eligible,construct_valid_packet_v2
8819745939ade378,PACKETS/8819745939ade378/packet.md,eligible,construct_valid_packet_v2
8a7005d04252096c,PACKETS/8a7005d04252096c/packet.md,eligible,construct_valid_packet_v2
8bec66320d554a6d,PACKETS/8bec66320d554a6d/packet.md,eligible,construct_valid_packet_v2
91a44ede937683ce,PACKETS/91a44ede937683ce/packet.md,eligible,construct_valid_packet_v2
91ecefdc5a31edaf,PACKETS/91ecefdc5a31edaf/packet.md,eligible,construct_valid_packet_v2
a38973860e5d4712,PACKETS/a38973860e5d4712/packet.md,eligible,construct_valid_packet_v2
ac63aa4470fd018b,PACKETS/ac63aa4470fd018b/packet.md,eligible,construct_valid_packet_v2
b6f1d2c6e3328de2,PACKETS/b6f1d2c6e3328de2/packet.md,eligible,construct_valid_packet_v2
b8695a2837b8211e,PACKETS/b8695a2837b8211e/packet.md,eligible,construct_valid_packet_v2
be858faa4705fb53,PACKETS/be858faa4705fb53/packet.md,eligible,construct_valid_packet_v2
c7ee59d30924c48f,PACKETS/c7ee59d30924c48f/packet.md,eligible,construct_valid_packet_v2
d6f94af612431129,PACKETS/d6f94af612431129/packet.md,eligible,construct_valid_packet_v2
e2642ac6cb4568a4,PACKETS/e2642ac6cb4568a4/packet.md,eligible,construct_valid_packet_v2
