neutral_id,eligibility_status,reason_code,explanation,sources_inspected,packet_hash
8222c534ec20c9c2,requires_manual_packet_review,generic_task_prompt_coupled_to_instruction_file,"Packet was built, but the experimental task prompt is generic and couples the task to the instruction file; human QA should confirm the brief is sufficient before rater distribution.",rq5_case_manifest.csv;rq5_candidate_dataset.csv;blob_store:102a621871fd79da;blob_store:contrast_inspected_not_emitted,4351de36c99990e1cb5469d17c4c5aecb4c4784c04e4dd95f30a11ec4104e4a8
edc493748044c205,requires_manual_packet_review,generic_task_prompt_coupled_to_instruction_file,"Packet was built, but the experimental task prompt is generic and couples the task to the instruction file; human QA should confirm the brief is sufficient before rater distribution.",rq5_case_manifest.csv;rq5_candidate_dataset.csv;blob_store:0ecd65366c4a8e9f;blob_store:contrast_inspected_not_emitted,ad4417b7a8eab5903be735cba265c7e493501dd4123cf73c69886183e0cadeef
b6f1d2c6e3328de2,requires_manual_packet_review,generic_task_prompt_coupled_to_instruction_file,"Packet was built, but the experimental task prompt is generic and couples the task to the instruction file; human QA should confirm the brief is sufficient before rater distribution.",rq5_case_manifest.csv;rq5_candidate_dataset.csv;blob_store:f500df70b3fc23ca;blob_store:contrast_inspected_not_emitted,375eebef0768a0a3a0eaba95a447ceb892ceb9803845e9615b5766897e3684ab
ac63aa4470fd018b,requires_manual_packet_review,generic_task_prompt_coupled_to_instruction_file,"Packet was built, but the experimental task prompt is generic and couples the task to the instruction file; human QA should confirm the brief is sufficient before rater distribution.",rq5_case_manifest.csv;rq5_candidate_dataset.csv;blob_store:74559875a0b3b5f4;blob_store:contrast_inspected_not_emitted,a5a7727359f74f4db68438e482b0a09c69f1e570a3c192d4b0d9eca605e093d0
3700df2d7790d1ff,requires_manual_packet_review,generic_task_prompt_coupled_to_instruction_file,"Packet was built, but the experimental task prompt is generic and couples the task to the instruction file; human QA should confirm the brief is sufficient before rater distribution.",rq5_case_manifest.csv;rq5_candidate_dataset.csv;blob_store:231a342f1dda4647;blob_store:contrast_inspected_not_emitted,943581507f99a7a752d88a61599ded517b626052e0224b17da2e30d605964fe7
8819745939ade378,requires_manual_packet_review,generic_task_prompt_coupled_to_instruction_file,"Packet was built, but the experimental task prompt is generic and couples the task to the instruction file; human QA should confirm the brief is sufficient before rater distribution.",rq5_case_manifest.csv;rq5_candidate_dataset.csv;blob_store:7439bbeb881e157d;blob_store:contrast_inspected_not_emitted,d202a8e3b5d643832a64000f569243430d2f1d9a7bdb54fc01735ec9d2247652
85571219ad372807,requires_manual_packet_review,generic_task_prompt_coupled_to_instruction_file,"Packet was built, but the experimental task prompt is generic and couples the task to the instruction file; human QA should confirm the brief is sufficient before rater distribution.",rq5_case_manifest.csv;rq5_candidate_dataset.csv;blob_store:4882a7d151026bd9;blob_store:contrast_inspected_not_emitted,aa34d1bc21b33f669555dd34636f707ae3bc15cccfab1cce199a07f34dd1354b
5cdb19823812fea3,requires_manual_packet_review,generic_task_prompt_coupled_to_instruction_file,"Packet was built, but the experimental task prompt is generic and couples the task to the instruction file; human QA should confirm the brief is sufficient before rater distribution.",rq5_case_manifest.csv;rq5_candidate_dataset.csv;blob_store:96f0351f7cf2c606;blob_store:contrast_inspected_not_emitted,cfff3b73238f8c1d18ee335e71ae569020140bb3446e00eca7bb08b7a4b174b3
b8695a2837b8211e,requires_manual_packet_review,generic_task_prompt_coupled_to_instruction_file,"Packet was built, but the experimental task prompt is generic and couples the task to the instruction file; human QA should confirm the brief is sufficient before rater distribution.",rq5_case_manifest.csv;rq5_candidate_dataset.csv;blob_store:35c392a625349cce;blob_store:contrast_inspected_not_emitted,650541a0d06611e71140943e82df8b318b9fbb9d371525e8d4c337e511ce927c
a38973860e5d4712,requires_manual_packet_review,generic_task_prompt_coupled_to_instruction_file,"Packet was built, but the experimental task prompt is generic and couples the task to the instruction file; human QA should confirm the brief is sufficient before rater distribution.",rq5_case_manifest.csv;rq5_candidate_dataset.csv;blob_store:4ddff1fb04bc8988;blob_store:contrast_inspected_not_emitted,ab8eae3c649d65709e4d067a41f2495872a8d2cfe80154cab6bba20a0b934f97
018779556d23bf3f,requires_manual_packet_review,generic_task_prompt_coupled_to_instruction_file,"Packet was built, but the experimental task prompt is generic and couples the task to the instruction file; human QA should confirm the brief is sufficient before rater distribution.",rq5_case_manifest.csv;rq5_candidate_dataset.csv;blob_store:ba85749976184ae6;blob_store:contrast_inspected_not_emitted,2c616aa9bf3cbac72efcb946c9b2eda708badcc3f5fd42ab1fc82b055b653401
8a7005d04252096c,requires_manual_packet_review,generic_task_prompt_coupled_to_instruction_file,"Packet was built, but the experimental task prompt is generic and couples the task to the instruction file; human QA should confirm the brief is sufficient before rater distribution.",rq5_case_manifest.csv;rq5_candidate_dataset.csv;blob_store:de0cf7678eba2436;blob_store:contrast_inspected_not_emitted,8acc0789d7cb9e750c1add53164f4e9fbd767a827946d801c5125fafff9d20e2
91a44ede937683ce,requires_manual_packet_review,generic_task_prompt_coupled_to_instruction_file,"Packet was built, but the experimental task prompt is generic and couples the task to the instruction file; human QA should confirm the brief is sufficient before rater distribution.",rq5_case_manifest.csv;rq5_candidate_dataset.csv;blob_store:e9e850eaa886d18c;blob_store:contrast_inspected_not_emitted,5bd7a16427d56e1148efd214e6232b7cc73830d322078590783e58bfa0894818
1e39c3352c8e8e69,requires_manual_packet_review,generic_task_prompt_coupled_to_instruction_file,"Packet was built, but the experimental task prompt is generic and couples the task to the instruction file; human QA should confirm the brief is sufficient before rater distribution.",rq5_case_manifest.csv;rq5_candidate_dataset.csv;blob_store:ec2f9b91068e6262;blob_store:contrast_inspected_not_emitted,25d5df4fc95a3a6df0effe931c05120e1d5c7fcc5cdaed093515d4bbbaed291e
67c2974c57527180,requires_manual_packet_review,generic_task_prompt_coupled_to_instruction_file,"Packet was built, but the experimental task prompt is generic and couples the task to the instruction file; human QA should confirm the brief is sufficient before rater distribution.",rq5_case_manifest.csv;rq5_candidate_dataset.csv;blob_store:d99d770ad95f2e92;blob_store:contrast_inspected_not_emitted,76bbd734a387c3337994821468ddca7ae242239ae945b776695f876c00595b78
4b9a3c6654895937,requires_manual_packet_review,generic_task_prompt_coupled_to_instruction_file,"Packet was built, but the experimental task prompt is generic and couples the task to the instruction file; human QA should confirm the brief is sufficient before rater distribution.",rq5_case_manifest.csv;rq5_candidate_dataset.csv;blob_store:f8f92ac4ef3d0ae8;blob_store:contrast_inspected_not_emitted,4cf0c4aac6bd278bb1c8722997c7695ccdd7e9c6af15d02a420f3124835664d3
477af6ec413b58de,requires_manual_packet_review,generic_task_prompt_coupled_to_instruction_file,"Packet was built, but the experimental task prompt is generic and couples the task to the instruction file; human QA should confirm the brief is sufficient before rater distribution.",rq5_case_manifest.csv;rq5_candidate_dataset.csv;blob_store:e700716401023a38;blob_store:contrast_inspected_not_emitted,55ca8c2666f6a9ceabbd3736c1b3d708791e98dc8a5473c6a5be1f5549b0680b
930e6bd912075b0c,requires_manual_packet_review,generic_task_prompt_coupled_to_instruction_file,"Packet was built, but the experimental task prompt is generic and couples the task to the instruction file; human QA should confirm the brief is sufficient before rater distribution.",rq5_case_manifest.csv;rq5_candidate_dataset.csv;blob_store:0524658a8976c114;blob_store:contrast_inspected_not_emitted,b9e6612992081fbaa8293ad421216109b12feb5568cb74c8cc1c1630cca69a5b
be858faa4705fb53,requires_manual_packet_review,generic_task_prompt_coupled_to_instruction_file,"Packet was built, but the experimental task prompt is generic and couples the task to the instruction file; human QA should confirm the brief is sufficient before rater distribution.",rq5_case_manifest.csv;rq5_candidate_dataset.csv;blob_store:0ca41c3c85bcebb4;blob_store:contrast_inspected_not_emitted,952f5b3954d58f84f308dc593764ee68b6f1f2339ce2d626748b554f5af9a1f5
091eb6d22fc90585,insufficient_pre_treatment_context,anchor_not_in_instruction_blob,Could not locate the anchor citation inside the sanitized instruction source text.,rq5_case_manifest.csv;rq5_candidate_dataset.csv;blob_store:a54ff182c7e8acf5;blob_store:contrast_inspected_not_emitted,
1376723b75f6cc11,requires_manual_packet_review,generic_task_prompt_coupled_to_instruction_file,"Packet was built, but the experimental task prompt is generic and couples the task to the instruction file; human QA should confirm the brief is sufficient before rater distribution.",rq5_case_manifest.csv;rq5_candidate_dataset.csv;blob_store:8aae4ecd96413186;blob_store:contrast_inspected_not_emitted,ba2c39b50be1629bd645d480a4fe141330382f317b86f03d6ab986f4862d92bb
faa505ff151a1867,requires_manual_packet_review,generic_task_prompt_coupled_to_instruction_file,"Packet was built, but the experimental task prompt is generic and couples the task to the instruction file; human QA should confirm the brief is sufficient before rater distribution.",rq5_case_manifest.csv;rq5_candidate_dataset.csv;blob_store:8b45d45943818cc0;blob_store:contrast_inspected_not_emitted,7eb4afe5206bf1f08c053c87958e5a80d3faee14d34edd47e990c6521b242505
cbea9e122bb3ae2f,requires_manual_packet_review,generic_task_prompt_coupled_to_instruction_file,"Packet was built, but the experimental task prompt is generic and couples the task to the instruction file; human QA should confirm the brief is sufficient before rater distribution.",rq5_case_manifest.csv;rq5_candidate_dataset.csv;blob_store:13686bbd18b19c6b;blob_store:contrast_inspected_not_emitted,8d37b484742504e8f890b9e4edd29f18128d44712e04710d95a1c52577839a68
91ecefdc5a31edaf,requires_manual_packet_review,generic_task_prompt_coupled_to_instruction_file,"Packet was built, but the experimental task prompt is generic and couples the task to the instruction file; human QA should confirm the brief is sufficient before rater distribution.",rq5_case_manifest.csv;rq5_candidate_dataset.csv;blob_store:43bcace8b729658a;blob_store:contrast_inspected_not_emitted,8bce7669d35e0657ba34f4ebe2f53a714b2228330c989e49096cd58b610e21a6
d6f94af612431129,requires_manual_packet_review,generic_task_prompt_coupled_to_instruction_file,"Packet was built, but the experimental task prompt is generic and couples the task to the instruction file; human QA should confirm the brief is sufficient before rater distribution.",rq5_case_manifest.csv;rq5_candidate_dataset.csv;blob_store:fb2d8848c6c27199;blob_store:contrast_inspected_not_emitted,601970075c07f58eb82f870406f660a42517823315a65992e805157f027ff451
f3100b00298d1424,insufficient_pre_treatment_context,anchor_not_in_instruction_blob,Could not locate the anchor citation inside the sanitized instruction source text.,rq5_case_manifest.csv;rq5_candidate_dataset.csv;blob_store:3d4eaf04826ca5e7;blob_store:contrast_inspected_not_emitted,
8bec66320d554a6d,requires_manual_packet_review,generic_task_prompt_coupled_to_instruction_file,"Packet was built, but the experimental task prompt is generic and couples the task to the instruction file; human QA should confirm the brief is sufficient before rater distribution.",rq5_case_manifest.csv;rq5_candidate_dataset.csv;blob_store:09ab2a1355da65a8;blob_store:contrast_inspected_not_emitted,318a2120b7d4780469375863e6b8009bf288778c4afa36a6e7321d97bd131ea6
123d9269d1595912,requires_manual_packet_review,generic_task_prompt_coupled_to_instruction_file,"Packet was built, but the experimental task prompt is generic and couples the task to the instruction file; human QA should confirm the brief is sufficient before rater distribution.",rq5_case_manifest.csv;rq5_candidate_dataset.csv;blob_store:16eaf9c07d6d5472;blob_store:contrast_inspected_not_emitted,ab488dd5ef2ad34f6a6041abb441979d4d8db49bfab16afaebe406b38beb729f
34d09fe81bbd05ea,requires_manual_packet_review,generic_task_prompt_coupled_to_instruction_file,"Packet was built, but the experimental task prompt is generic and couples the task to the instruction file; human QA should confirm the brief is sufficient before rater distribution.",rq5_case_manifest.csv;rq5_candidate_dataset.csv;blob_store:cb97e8c9dc0539c9;blob_store:contrast_inspected_not_emitted,b747bc35078eff1841372345e0b93e1702fc98196f43f97efda2b311001b132d
80994240f7b369b7,requires_manual_packet_review,generic_task_prompt_coupled_to_instruction_file,"Packet was built, but the experimental task prompt is generic and couples the task to the instruction file; human QA should confirm the brief is sufficient before rater distribution.",rq5_case_manifest.csv;rq5_candidate_dataset.csv;blob_store:7ff4564485e94139;blob_store:contrast_inspected_not_emitted,a7ab3a4e34ad2d3449c5466bebc734dbc4625171a759f756b7c60a75fee7511c
51fc8d1a5d5767b4,insufficient_pre_treatment_context,anchor_not_in_instruction_blob,Could not locate the anchor citation inside the sanitized instruction source text.,rq5_case_manifest.csv;rq5_candidate_dataset.csv;blob_store:7445e4a9d1b803f2;blob_store:contrast_inspected_not_emitted,
fa72bc285f4b7183,requires_manual_packet_review,generic_task_prompt_coupled_to_instruction_file,"Packet was built, but the experimental task prompt is generic and couples the task to the instruction file; human QA should confirm the brief is sufficient before rater distribution.",rq5_case_manifest.csv;rq5_candidate_dataset.csv;blob_store:a1a8e7bc97726646;blob_store:contrast_inspected_not_emitted,4e1b3e349989d06492e5f9c76e26c8af2528faef808010cfdfdee448dd50b883
fc56ab50ea68a616,insufficient_pre_treatment_context,anchor_not_in_instruction_blob,Could not locate the anchor citation inside the sanitized instruction source text.,rq5_case_manifest.csv;rq5_candidate_dataset.csv;blob_store:6ebdb617a8104a77;blob_store:contrast_inspected_not_emitted,
c7ee59d30924c48f,requires_manual_packet_review,generic_task_prompt_coupled_to_instruction_file,"Packet was built, but the experimental task prompt is generic and couples the task to the instruction file; human QA should confirm the brief is sufficient before rater distribution.",rq5_case_manifest.csv;rq5_candidate_dataset.csv;blob_store:42aa024f001ca995;blob_store:contrast_inspected_not_emitted,f16e69b3655dc16a0ed69b88a4dd16f3068e0f2dbc067b8b1844f534e76aee2a
e2642ac6cb4568a4,requires_manual_packet_review,generic_task_prompt_coupled_to_instruction_file,"Packet was built, but the experimental task prompt is generic and couples the task to the instruction file; human QA should confirm the brief is sufficient before rater distribution.",rq5_case_manifest.csv;rq5_candidate_dataset.csv;blob_store:5927db03342e7af9;blob_store:contrast_inspected_not_emitted,ea5f22c970335c1262dd64c4e2060bca7a6c7f885ce9bd08e6b6a7a91226e3a9
